x1,x2,x3,y
-1.0,-0.9467364489734953,-0.2740991625261653,4.678804362421884
0.11414925385294739,1.0,0.6725354001081176,7.841668886121042
1.0,-0.3452376734708673,-0.26549056605697086,4.524678281714955
-0.6040291976144261,0.1357507894477492,-0.312058925669656,-0.8595730434034199
1.0,1.0,-0.10850680194607554,15.104290927645689
-0.42073323150960795,0.8598318554245568,1.0,11.300666784210835
1.0,0.6267910198313096,0.31680601980386847,8.445233655990778
-1.0,-0.4484937898055006,-0.4562780814718026,-1.4868248793974281
-0.19814010458179476,0.210182256028131,-0.11025470828863049,-0.3527770616200135
0.23674878621494,-0.3366211272941342,0.02210433346951124,1.2097375381656346
-0.6625365905784664,-0.882425848219937,0.11305480294666603,3.1185121990129385
-0.5677192487218743,0.9372215096802203,0.8540923585640305,7.661668541262899
-0.40682929572196147,-0.004338370664154656,0.14629519526538748,-0.2858949706288223
-0.3583611077653921,-0.591413682995261,0.0959803754524533,1.2957822933683947
0.7153090046068147,0.8959532013939295,-0.2535435467984868,5.38722567470017
0.6787478571371097,1.0,-1.0,11.34371913086765
0.5797656634490242,-1.0,-1.0,-23.566511017682195
0.14271442641740228,0.2113839316830579,0.44726278438773237,0.5184257662054693
-0.8953422517520528,-0.4416759123298226,0.2598521511839924,0.487030076524196
0.1577883575524357,0.04389844070432547,0.23899315498715912,0.21113061223248952
0.05184103869424894,0.18787390579409524,-0.2681894649110679,0.6898693914070906
1.0,-0.17718244911362446,0.0059950916670110654,4.105088525907489
0.23615426486110325,-0.6805830287609045,-0.09976210958417742,1.4987304323786472
-0.8682460527702365,0.888003134946133,-0.6272176800731573,1.3069602682774948
0.17326645370131755,0.6416053324615283,1.0,4.347115855850085
-0.5677398153865316,-0.9377688346262167,-0.01770186299981691,3.8250033159855077
-0.07680437836507692,-0.954404494316504,-0.4346379976475152,1.0352040428688167
-0.38227982607912003,-0.6722056941539238,1.0,0.12293956745468426
-0.0024015627322391264,0.4688464639674763,-0.41560092844994756,0.3239642577864132
-0.3231324821448638,0.1943500498613684,-0.3981665371404619,-0.23084518696835188
0.5928981657383356,0.9239548745957078,-0.7590145997204518,7.004700432314938
0.41302175671606167,-0.8232807688718002,-1.0,-12.436516227266187
-1.0,-0.36904130092980436,1.0,7.138279250510817
0.15919272192629785,-1.0,-0.39031253465742966,0.6000812277038677
1.0,-0.6810671626827045,0.40714858007694255,3.3155910862385123
0.6671664312817611,0.9634113549049357,0.177243793375238,6.299021778754544
-0.4747605566937185,-0.9257395667293806,-0.25639195750977106,3.336798299361093
-0.3498458522317083,-0.6511075224488929,-1.0,-5.582080570432939
1.0,-0.7730350472329566,-0.2242042683760761,2.3010712739409778
-0.9532017866409381,0.3585477975365079,-1.0,12.066186565705987
-0.8364177481104622,-0.4370939494480528,0.3248247428911377,0.11524617817185717
1.0,-0.552784868257794,-1.0,0.19207374680327155
0.0007179795893934582,-1.0,0.9497127563264733,-4.8234557607808854
-0.33427647630273594,1.0,-0.15140964493468356,7.504329702275138
-1.0,0.15662994406270148,1.0,3.0533243922588666
-0.8192881596676604,-0.482378160624779,-0.43980479164659214,0.7565877611993053
-0.754954146399764,0.5717418859075389,0.2921655416936271,-2.6860342893108116
-0.8852293092894872,-0.34638052213408166,1.0,4.601556768290018
0.02602666965193845,-0.37021992797038994,0.022250913295517094,0.5760767166881766
0.8757269309547309,0.11860693472271588,-1.0,2.9015317311330824
-0.9855357606165394,-0.0567879386034964,-0.7505293915524003,0.8760208375948116
0.9119389591844924,0.25145844370723625,-1.0,5.192264667675693
-1.0,1.0,0.0715625567589051,6.707055534897793
0.4548122634057177,-1.0,-0.2877049928518578,-1.074208383942241
-0.4995364698471563,0.7457234668114929,0.05873303894777071,-1.139743018733196
-0.3903750047576242,-1.0,-0.10014914640273997,3.0318282080951775
-0.3483294696945265,0.7368808747359221,1.0,7.129072387373597
-0.38066936352651526,-0.3407906779940828,1.0,0.9126094045510369
0.27320258809048026,-0.5412841707420506,-0.468427851113814,1.5669137474316237
0.46318474541146415,0.3303750464431825,-1.0,-2.672601986018763
-0.4660656735870168,0.0859953896082899,0.5591480160481208,-0.6522905876348851
0.9374124300693059,-0.9307354055652368,-1.0,-19.63377248790462
0.25923958635526523,0.29285046311405694,-0.49215679638714804,0.3821395248869903
0.4364014096988771,0.4369685534595893,1.0,2.6280428107075293
-0.26584255920656186,0.9701965772554617,0.1009672251685978,5.574210421229445
-0.9244947850068297,0.06320699161070631,1.0,2.3540470804611746
-0.15492522062684322,0.627342448634103,-1.0,-4.942087834475818
-0.8218535433969556,-0.17545250820610914,-1.0,4.3153917870881475
0.48101894428049397,0.08358930414039922,-1.0,-1.763626305966223
0.6888974850188478,-0.2069176212748629,-0.538123345450275,1.1790362244251478
0.5252925787038052,-0.3104217650528365,1.0,-1.8779926046272009
-0.4322087951708182,0.8588703429588629,0.6171608002842948,2.782544573983771
-0.25527429665665724,0.3993149376603049,0.5307876404305709,-0.6839383780417445
-1.0,-0.007019908622527993,0.16090249652934774,-3.6853507876534333
0.36545861893391884,-0.2169884526912227,0.284548435375636,1.3192361169127653
-0.8468588592585249,-0.08179543297820535,0.6633385037957424,-0.3454263825939068
-0.6410307335481737,0.6022035702421493,0.8633243644517434,1.857388432464473
1.0,-0.30356676078737665,-0.4271718214802602,4.763937633387206
0.378667424585055,-0.5883189139283094,0.20560635062235488,0.7624566021639452
0.06938193336211795,0.29308047454880004,-1.0,-3.5365749903560526
-0.7380160600543013,0.018599047373080824,1.0,2.764175848358799
0.257713170151723,-0.3584692439090753,1.0,-1.7021964756700447
1.0,0.463877613847578,-0.4724218605778536,5.27638780808088
-0.26507718762091304,-0.6016019592472377,0.17432565460270522,1.0846971786276878
0.3856319392826,-0.28881135476227726,-0.34451846681370024,1.6669715714044102
0.6716711932396433,-0.6563870678636117,0.4319146949994235,0.6279862889394099
0.11455357582823011,-0.30651713602662345,-0.31427136303886205,0.9938280576846554
0.36072571879090987,-1.0,-1.0,-20.895248564016658
-0.004727085561147426,-1.0,-1.0,-17.286664506088556
0.5917976061586991,-0.40685990717061493,-1.0,-5.841569147349294
0.3803842320135393,-1.0,0.6407031705693997,-0.5406478434977146
0.8337610662685981,-0.14420078016244942,0.9526133937863603,2.8120408047896532
0.06892066005089936,-0.20794769367761856,0.1565960486291853,0.02841167898000596
0.0481779160836846,0.425084426309996,0.8135484791318461,1.307276501609835
0.953819589104496,-0.14109683452566824,0.04778652095908509,3.7437147446799512
-0.8389559930861377,-0.563100278953055,0.7070933218353452,2.2972703711427718
1.0,0.9798999379576323,-1.0,36.629707721806106
-1.0,-0.9280286645033089,0.7975694978137884,15.767689606850343
-0.4067552199172677,0.8308734495673005,-0.976625839027808,-3.799018506420236
0.45786100416751085,1.0,-0.8170772780677742,10.911072945304934
-0.3030676423960814,0.05028211170901531,1.0,1.4640226708008457
-1.0,-0.6888147204665018,-0.7960158027448554,1.8631974379192218
1.0,0.472700981204599,0.40428054290255466,8.770190123657857
-0.030204688564552384,-0.5140935211536337,0.3671986035049284,0.5564134008747037
0.5795805653815684,-1.0,1.0,-7.312587340118452
-0.6166405975814462,-0.3666793114373572,0.759619602388937,0.6005444398664896
0.31218850082480865,0.37004948970991003,0.8391968312180798,0.7391191184237901
-0.1670646123261892,0.2975334074687186,0.9623510106564155,2.0736992153307843
-1.0,-1.0,-0.20496342434905368,6.836734261935224
1.0,-0.428512541182108,0.38411074833347514,4.484376018726427
-0.2300566685952803,0.40201450339027467,-0.3645187048235423,-0.23866335490167292
0.13225772463270746,0.030006499853874713,0.9164993371876811,-0.7446039497515782
-1.0,1.0,-0.999876601973688,21.57388556333058
1.0,0.08496444898093247,-0.26424778277978644,4.228433784681018
0.3071948237755806,0.42623444180663905,-0.12326070814919898,0.6328152933323263
-0.9820912677073341,-0.4613888816420324,0.054773899973937556,-1.346230469722509
-0.5119076332701593,-0.70985025642916,-0.35127641191319925,1.4653802423388163
0.7387422632987133,-0.4694193738570249,-0.15984047309337446,0.7153593960351641
1.0,-0.1092002484411827,-1.0,7.825542317793004
-1.0,0.17342453781506806,0.11025780197754709,-4.364229569126211
0.13145261758040694,-1.0,0.9359626531570262,-4.97970395304621
0.3456481111460812,0.5865009184469103,0.99375441643836,4.18729915195578
0.6799027311453874,-0.8866125540130954,1.0,-5.652502439905874
-0.10969623148077545,-0.11840242371362741,-0.2255779373493505,0.7347370269973048
-0.019160092376382387,1.0,0.23208778202587665,7.202799076759529
0.39330195497818576,-0.2962158354691209,1.0,-2.2680148170619066
-0.44967886798997836,-0.8911216571218983,-0.04259307997167694,2.947122561739246
-0.3544161926979219,0.452743171076893,1.0,3.04274597576154
-1.0,0.22745523114622146,0.9938936761558019,2.7925595111206363
0.20776740528381077,1.0,1.0,10.619712781854282
0.9250180563671904,1.0,0.6086709931949927,12.109057517791365
0.3026018547201723,-0.22219564241120549,0.1304065804431116,1.8725959310817557
-0.23847098721203075,0.0970244975563943,-0.6568352927866319,0.00955526907334145
-0.7814617999065621,0.19477021874025224,0.5434347974235265,-1.8046249320987704
1.0,0.29292480222926653,1.0,18.41068696981414
-0.09296651924402832,0.2589008750147399,-0.9120539780552503,-1.2026273494028477
-1.0,-0.017190489809176146,-0.7972997046959251,3.0271230385299197
1.0,0.018343498715687856,0.5474911450827897,6.753098204971456
0.24757716725709544,0.5104844477155153,-1.0,-3.6892839457657125
0.27466436152174545,-0.5747618600758666,-1.0,-7.284336721361351
1.0,0.4992251119402704,0.678894552680112,12.115431935776023
0.8181069452961391,0.02675864976370801,0.8593105387342825,3.5540086902084815
-1.0,-0.9518639486086495,1.0,21.39999093571456
-1.0,-0.769385078675539,0.6329834262950138,7.862680159940602
-0.9120515813586649,0.09592945997649216,0.2910392708678935,-2.970879797499893
0.45708866922656255,0.7129030589464163,-0.20201061889659022,1.3490013930624678
-0.28262373719944,-1.0,1.0,-5.15593433983224
0.38080784906845566,-0.8396426295088195,-0.13299561710368346,1.269192791357233
-0.36708928556790066,-1.0,0.27470008328721907,2.460155570242004
-1.0,-1.0,0.4068690223262543,11.012038197431991
0.45140799341786564,-0.8916925703168828,0.13058374812846307,1.198503983577727
1.0,0.4857989124322484,-0.05881279463951827,5.515398090252697
0.8347475074045911,-0.012717948179003402,1.0,3.6290345534159067
-0.476548542479051,-1.0,0.039253319232483985,3.7547783144777904
-0.9516859176338675,0.854395483649002,-1.0,14.125212596579878
0.6531642633860453,-0.15709933622995886,0.33636499046146673,2.2463525664580577
1.0,-1.0,0.07789447996413545,-8.232543576331235
0.47455070407921895,1.0,0.33781228329607216,7.404514624464966
0.22819862429591953,-1.0,0.504770474185914,-0.3418568841509587
-0.49349537266504484,-0.30578551975797374,0.45560480381036217,-0.15192421431569178
-1.0,-0.802870277994939,-1.0,4.600377986442532
1.0,-0.7852744002779997,-1.0,-6.630984187717597
-0.4599287975947941,0.7578763289452626,-0.13630227600267397,-0.4198150115323522
0.7923517279749959,-0.43607978325585917,-1.0,-4.436871253486156
0.48406900091438687,-0.11171175423881663,-0.7497793064725584,-0.0494851992165225
1.0,0.6562960528466195,-0.14046035298100112,7.022158733497599
-0.6824942248348256,0.38151477864576333,-0.18655822572852898,-2.325812559536984
1.0,-0.6078443494749222,0.055086357992174984,3.6709624401224277
-0.7419631849910233,-0.39658757318355886,-0.13070423894504613,0.8759977024546398
0.2775542915155931,0.2643958766689094,-1.0,-2.1952566871717676
1.0,0.7587700601335898,0.47009905530009366,12.199740891363026
1.0,-1.0,-1.0,-30.234724296162316
0.08672884791601221,1.0,0.14990606788702276,7.360640198206165
1.0,0.8928150900729448,1.0,25.955066835452598
-1.0,-0.2815761107551171,0.8736399364036407,2.2694204946372083
-1.0,1.0,0.43473884822194986,2.2425600981376936
-0.8640851024756853,0.5432206258186407,0.22721027018016748,-3.6503819670907105
-1.0,-1.0,1.0,21.156142808609502
0.9356447825503631,1.0,0.62020332228561,12.966546958683889
1.0,1.0,-0.3917333128847367,18.345745298020873
1.0,-0.6577095724378534,0.5225683857188328,3.591947693484072
0.935652965705593,0.7921004019004794,0.009492341784433256,5.936946617069228
0.7125929878145159,-1.0,-0.07122125372462951,-2.7651978361890333
0.27749884560043614,1.0,-0.04794009634219387,8.215259540004324
1.0,1.0,0.42901372710360897,13.541886353723923
-0.7841700631368413,-0.06400561831958318,-1.0,4.342599655643477
0.8631643883742601,0.8462609919107054,0.6270696911338363,8.907520515348496
0.6538129753785111,-0.32667015347154016,-0.6705063948902295,1.800421852303589
-0.4402525391082528,-0.11685745049626073,0.17669058208926125,-0.3345006160177037
-0.06546671337308019,-1.0,-0.7201643920022709,-3.668601473745853
-0.13161189214433944,-0.6036824091304953,-0.1518851521057647,2.118782368819486
-0.2262993846517627,-0.8561731072621495,-0.1959263437719394,2.0108955421695924
1.0,-0.6840714702608688,1.0,1.705933255297087
-1.0,-0.30922512109379596,-0.3414934366380282,-1.9404631881497876
0.7774207405500944,-0.18266566026802877,0.2631017956346242,2.3858737865973523
0.862928635982608,0.5612878051304651,-0.6805614838075615,3.140002776297784
0.8445059860334603,-0.0611596162309318,-1.0,0.13657335749650523
1.0,0.4481619895866793,-0.11869973230556163,5.449843528048015
0.042810916154982115,0.1226951104465639,0.16486208246373013,0.7881754793831619
-0.2603226795620215,-0.5753397898877293,-1.0,-5.27272614571246
-0.030105559168637885,-0.1527791233904776,1.0,-0.4185078707892688
0.7692050772446908,-0.4179238569153567,0.8133744375534593,1.2123244275766232
-1.0,-0.1870421074738775,1.0,4.05326737468838
-0.4093059060411628,0.6939991359050419,1.0,6.932533240612889
-1.0,0.0056564564577752385,0.8818094418178644,-0.3614539509514416
-0.9771128285991324,-1.0,-1.0,2.0747311637855947
0.12206919281830664,0.9338138417588258,-0.2996873250958765,6.428423303396655
0.010465270653528869,-0.369700057800296,-1.0,-3.511877034291156
0.9755063588204558,-0.6251809603501655,-1.0,-2.5168637041080233
1.0,0.7005747727488574,-0.8436789629019625,11.020217048449624
1.0,-0.1911686148589664,-0.22423879089912857,5.243707128561376
-0.942325606711987,0.5073329235025725,-0.39112034099165527,-1.2533555401488934
0.2943565604525904,1.0,0.6498699443443376,7.844475755900978
0.1438371607327389,-0.9931347971498168,0.6666736509126672,-0.8331975699186681
0.3112693112352647,0.7486462129407532,0.43240702755533,2.0623800247333093
0.037693631546182216,1.0,1.0,12.37910800749219
0.5734640597687006,-1.0,-0.9120399705119231,-16.450234181202266
-1.0,-0.2612700335436211,0.16489752501734856,-3.8277669965930117
0.18730815136375467,-0.8057226523587373,-1.0,-10.746815378034329
0.07050943353013928,0.9288440217051153,-0.6299378299945739,6.093224182124933
1.0,-1.0,0.4552538009844296,-7.215485612085834
-0.5823908171688548,-0.5665288178202414,-0.1084638126191404,1.2193740957536878
-1.0,-0.05297086470807888,0.318030248901364,-4.291946186190039
0.06265503714699028,-0.7655552106624497,0.7079773583089901,-0.3242602197977941
0.33613949832284273,-0.1648879498848217,0.1718104134286622,1.4028368467423833
-0.7323104790614401,-0.5577151368621083,-0.4669163558917857,1.238443924655374
-1.0,-0.40098597786954127,-0.8212783402274972,1.350765668883679
-0.40212353737747875,1.0,0.37997507782789075,6.309895162480594
0.5824814067251336,-0.40793312619847444,-0.6203852415948965,1.2342371123740163
1.0,-0.9408047220583688,-0.5611723054925515,-6.579814158959065
-0.5603572036699429,-0.22155862651688274,1.0,2.5429051669224516
-0.0018148608547035039,-0.9415866467688783,0.2111190998933794,2.1653523923692775
-0.17321416807272771,1.0,0.26427378756980757,7.700199839394143
-1.0,-0.37173611156901476,0.007690753153839713,-2.1846946290767613
-0.04118250022029346,-0.237177191181976,-0.25996088186932265,0.26588871363993716
-0.3096989504521277,-0.4824569836729855,0.3589867454499298,0.28411150390504614
0.29089099758943915,-0.5862693488567907,0.35729069447130035,0.6847840648637546
-0.42886264649099193,-1.0,-1.0,-13.069906364071175
1.0,-0.8887494310048112,1.0,-3.9355995177330265
-0.29830588445303174,-0.10415949676484404,-0.39245221825313625,0.9251730219921204
1.0,-1.0,0.9176776820324763,-7.15282316645562
0.3341918847431049,-0.8248719272036666,0.7807110154669059,-0.9357330601424461
0.2886779473770271,-0.22316125344718318,-0.7657896125195327,0.47374775380189244
0.5956909739748333,-0.3600703711943931,0.6911838434368125,-0.028965965822443374
-0.1681151433427659,0.09544148368709826,0.3756677780866129,0.29517292936251244
-0.6813951128572917,-0.402084348732207,-1.0,1.0246611669512604
0.9937714724090823,-1.0,-0.1442711267379191,-8.008207374693459
0.40064177637888054,-0.9206722153445344,-0.6432036575359412,-1.040003009124939
-0.31152627458052007,-0.16517757106396314,-0.48659991082508913,1.0199110415886183
0.41464435467460725,-0.561552890625451,-0.796360898555067,-0.988206084848379
-0.002460248858309644,-1.0,-0.3144414522111425,1.1507862791537693
0.05567724110955363,0.2673103761902591,-0.04668204672361265,0.11913686329772638
0.6762017608691031,-0.9127424980240468,-0.37847563761383785,-0.9186074650500238
0.7828436227534279,0.48989233266881294,1.0,8.917195939567472
-0.48697191805629414,1.0,0.30602549531689016,6.028527065441241
-1.0,0.12475789463788112,-0.7347094890469379,1.6630281656511794
1.0,-1.0,0.756732786600836,-6.123745925724971
-0.02217354265443472,-0.8233781794204285,-0.6403503512044326,0.7645714881557697
-0.23105839876355083,-0.1016636575569283,0.6400054720104762,0.427626139756738
-0.5719142008701803,0.8100871247464454,0.5376912812724157,0.8060184223324716
0.2353795807169694,-1.0,0.2699938263640338,1.6229746459199277
-0.4665151485464982,-1.0,0.7768634801698919,0.4232876992432948
-0.01798394800843206,0.004819707541497298,0.7122120265633198,0.3778705077726616
-0.39395165730420234,1.0,0.27848121055237707,5.931300871510508
-0.8325862743215138,0.6988364737213133,0.9143474193841974,3.273886321934484
-1.0,-1.0,-0.2677120315305259,5.952386943263499
-1.0,0.33889623922561496,-0.5471676562079546,0.5907928037143004
1.0,-0.5079600318666122,-1.0,1.3808974176585123
-0.0922705236117023,-1.0,-0.6148003479167334,-1.0958396979455463
-0.39589897383991723,1.0,1.0,15.44622272704632
-0.3234654486278459,0.31211887944601724,0.06324166804114895,-0.1835478817300888
-0.114212971464134,0.5935291480471578,0.29159771817117375,-0.020616477757685242
-1.0,-0.5059906335474329,1.0,8.606314882756466
0.5274359986073864,-0.44866015393433867,-0.1272046775097444,0.41949171445583233
0.7165841014273093,-1.0,1.0,-6.720441767741197
-0.06763919541065277,-0.6708749191212058,0.2686522280132244,0.0412611936855557
-0.5876427430501687,0.3634968431528336,-0.6303301290694348,-1.1999289479090653
1.0,1.0,-0.2770412132764597,17.535927734046336
0.21536955627968624,1.0,0.04422121485000541,7.236716009830356
-0.4665519738104231,-0.8312686347623999,1.0,-0.5377269550634518
0.210912287001211,0.6134814851093899,1.0,5.3531390440882864
1.0,0.8193643366132795,0.04665492997331566,8.81173950182168
-0.5940766397883996,0.1573210860819998,-0.4154238681996403,-0.6370520393616809
1.0,0.06383474642528486,0.20053608848072857,4.597903847234945
-1.0,0.09232916656060719,-1.0,11.480866173563975
-0.37529739278853547,-1.0,-0.20083755780709112,4.079028603170029
0.7729495665077524,0.21048065428132734,1.0,5.514318438118699
-1.0,0.5494711528820657,0.42651653175374826,-4.9753652117860225
0.020827826366828672,-0.1862704017579755,0.5949728257577653,0.32906828907600116
0.030658052373851996,-0.3423262819028936,-0.7810683214074112,0.2293783758948162
0.9151992758281899,1.0,0.06042454287853416,11.219860279719851
0.5146156962365422,-1.0,1.0,-7.013437724928369
0.35056703775667386,0.07777514258287943,-0.20427038367007544,1.1466524149269068
0.8058957822008126,0.37789298371406854,-0.06086504202976473,3.0410405330199577
-1.0,0.6461853803931874,0.4806138086050542,-3.668137133039899
0.04201625116402896,-1.0,-0.18099535291202984,2.6758997628656918
-0.2580620101518314,-0.6883792316669399,-0.43380676836678034,1.7838479030741536
0.13400107435337394,0.10007213023714345,0.5382708518119423,0.10325550164456915
-1.0,-0.4896686071173255,1.0,8.299856205031901
-0.08767745634529689,0.09583387113172548,0.2925752509824546,0.3635631046990898
1.0,-0.37596041047688833,-0.2969047511652645,4.244165349184734
0.6309076794284285,1.0,-0.962749867578194,10.735520163768019
-1.0,-0.26113340143173014,0.5068075194647792,-2.88697056366671
0.6074383992329586,-0.7542771680451368,1.0,-4.775216660281812
0.47800222830922867,-0.9365719043994709,0.9998580632165321,-5.282916163958642
-1.0,0.8545376369055393,0.6142366875108725,-2.4161782361506
1.0,-0.789968117340812,0.8532634083461708,0.9946313013646032
-1.0,1.0,0.4838265113119584,1.8901955331706302
0.6795090883123773,0.2635461721071415,-0.4846649230901614,1.90452288570686
-0.547346974330168,-0.35389487095437566,0.30770619897887874,-0.36077593604945235
-0.6453817576849268,-0.6555871207400914,-0.8525866645353781,-0.14307299614497695
1.0,-0.2667365011188987,-0.6294398008769693,6.332863686896918
0.007423986178318964,-0.45136694843548764,-0.7624747562166925,-0.6829127211393022
-1.0,0.3921421171596817,-0.13048740320088714,-2.8696868293714584
-0.017489868984928325,1.0,0.09203138792249232,7.736871175201123
1.0,-1.0,-0.13631668885313108,-9.350554502389326
0.11654197461603455,1.0,0.7248456825547012,8.956330570768547
1.0,0.40765394850681536,-0.4408969646566867,5.466090522288715
-0.6371297335045698,-0.5898060699303285,-0.9251054354934745,-0.9744290052432723
0.53180266728561,-0.76686027185716,0.22737764476209565,-0.07918794301646481
-1.0,0.9727244110558948,0.2094678737836524,3.7425846197443984
-0.19804281671072044,-0.34158634740460503,-0.17402388434059257,1.0384851357464175
-0.6615310529356719,1.0,0.13924324167742896,4.67080231278989
0.32425102318793675,0.6344917957453331,0.4629559813729289,1.580010688327005
-1.0,-1.0,0.2585989337888033,9.960150541896603
-1.0,-0.48595705747064866,0.911469025871922,6.035881090291216
-1.0,-0.068322192488528,-0.1737079217232107,-4.035578901442017
0.29173694977845477,0.8919497652316581,-1.0,-0.2517234698842552
0.8178400788471623,0.7135469946583468,0.1610292095162107,4.908317569584609
-1.0,-1.0,0.4339975827530813,11.784611717296611
1.0,0.8517600247225707,0.15844424742280738,9.711967904425862
1.0,-0.5760409603717753,0.29203761013015916,3.518873383932869
-0.65581476426364,1.0,1.0,15.543126119729427
1.0,-0.11274818424137423,-0.3009775607934646,5.360500909978452
0.12144238233564386,-0.3478612871864186,0.4957781903689009,0.8175957796339641
0.0267683371700127,0.9613323314099675,0.06672023670717286,6.213382022854986
0.5557876349145607,-0.029336313855784946,-0.2526839218697703,1.5324036489146948
-0.8431258707425835,0.13687907193309168,0.9707466570492411,1.5635886384112276
-0.8679488999587757,0.7266582314466414,1.0,8.2581313384014
0.8538219267451013,1.0,-1.0,21.09820125932619
-1.0,0.5452081709504304,0.07230900862421841,-2.619290702764763
0.7757829623330037,-0.1836003441742089,-0.021789896239532203,2.3985000565266863
-0.059988366709664565,0.2698724411641833,-0.02458347146782036,0.005195219136871515
0.563947645979072,-0.38901835065180435,0.5942755101840465,0.6105158187286023
-1.0,0.21606058982295262,0.49248929847358824,-5.183685383617562
0.0949209926030552,-0.12265988105122028,1.0,-0.7248749063105232
0.9613091821569446,-1.0,-0.5255706314158337,-10.398008896495208
-0.6092304488173197,1.0,0.6578737443425917,6.015499011348484
-0.8169273581850214,-0.207339521540729,-0.9828131851019162,3.4555050126104723
-0.2221446190846046,-1.0,-1.0,-15.008385226832573
-0.04326446213579671,0.016315921750859053,-0.7020074150780506,0.3896265514396598
-0.9264430958372292,-0.39891185003541674,-1.0,5.7751440363328435
0.7600526113334425,-0.6823607328555048,-0.2606843356052504,1.4983948090634729
0.19830346289129785,-0.8830115594259678,-0.09047605505796641,2.526361472448671
-0.40799376146556665,0.006761143685800386,0.7407250121409088,-0.4906347329372117
-1.0,-0.5508476889367537,0.8663677529948162,5.181318692353049
1.0,-1.0,1.0,-9.824636548080788
0.2716768209805025,-1.0,0.5140582799250586,-1.2885069289099782
1.0,0.29187428150303374,-0.7297713049665455,6.39282781385166
-0.27535717458548015,1.0,-0.11024046276033084,7.303603440043676
-0.31951739747404395,0.4880603659253322,-0.5127348642997394,-0.7803770255702233
-0.9572989937433245,-0.11076822299765587,0.030469419816677057,-3.7486386676617616
-1.0,-0.37360511852865397,0.20029192648996808,-3.611143058095224
1.0,-0.9229538350750401,-0.03145998196682798,-3.771121833521124
-0.21077488269280242,-0.14281190012572753,-0.6611371537550965,1.3863945980496777
0.9146599217054125,-0.09401390862496739,0.5388755443780957,4.648572787233882
-1.0,-0.4960356277832141,0.5464027759991632,0.6920677611498554
1.0,-0.43786972057161555,1.0,5.690867788805686
-1.0,-1.0,-0.780216665713259,3.5726893172967644
0.10960485722122582,1.0,-0.5953171237575954,10.759389208358057
0.9292790616660211,0.6646719041180349,-0.7345718297559092,5.578332420476975
0.12955372167783552,0.32100276898751523,0.2312854660764554,0.22540072130992894
-0.9849701247652141,0.8842295374449489,-1.0,18.84955903063038
-0.22158125872854484,-1.0,0.1445228566514707,2.6833394053888524
0.06138887818723138,0.9391496197405602,-0.9805538450762472,1.1374163065451737
-0.2943812212641044,0.25139318444000147,-1.0,-3.081725295132011
-0.09332726337282682,0.02656879472782614,-1.0,-2.637902677903037
0.5640570885512368,0.23306054761548922,-1.0,-2.8589999256766783
1.0,0.31179057162261103,-0.5547065716075632,5.6190197128980355
0.3956417148124156,0.6802661080186476,0.16353715855482287,1.340418512676451
-0.3999825460783688,1.0,-0.8524569489556495,4.264397989317614
-0.24517323952258074,0.3782785529121835,-0.8607663852596483,-1.9130952322493018
-1.0,0.27672080999049875,0.43783054032034174,-4.771736945747275
0.3756311628005222,-0.3881376951763915,1.0,-2.4209509112974525
1.0,0.9090919831048452,0.36604674219654254,11.10423111587273
-0.4669728618493738,-0.4953438447993286,-0.29854687291574167,1.0828498646418512
0.2227526387624732,-1.0,0.6138924334777005,-0.48356819294193504
-0.4471367934117878,0.003510872982020352,0.5306007783544122,-0.5334940714277935
-0.6303248004445934,0.9306039337754213,-0.41249142087437574,2.4366463342327696
1.0,-0.05357412950881746,0.9987255562092725,11.210985186032815
-0.7754871375770047,-0.15301693889493406,0.3512555616004913,-2.013313275410416
-1.0,-0.30822592894143375,0.7759835238342581,1.280265181690695
0.7876164450358132,0.8623329548041614,0.21805960565183535,4.80697273294804
0.72415918353144,-0.43197009363429073,-1.0,-5.465221163908894
-0.5520208389689709,-0.09198671607670472,0.6002913732354103,-0.773992047368006
0.370131987120891,0.28567388726063614,-0.21065901726111247,1.5244789876160914
-0.01837508017078493,1.0,-0.23915447764993214,8.984681787305295
0.003896978813456853,0.7461489222557876,0.7041935625089066,2.8793496267336365
-0.3712745322520907,-0.6563323349825496,-0.13302737756707783,2.3076489008822154
0.6008429321323909,-0.8971881084049171,0.5342577090874701,0.9669549133085454
0.24891830193141606,-1.0,0.05040491757703025,1.1880345675472008
0.49359578822551864,-1.0,0.3899321310127306,-0.6191258298901168
-0.9726204808810925,1.0,-0.30810673482710826,9.400964392675657
-0.051009650733431,-0.9293033231521288,-0.9411334999495458,-9.958813748297803
-0.7387637720185913,-0.7053850855045798,0.4289994820995371,1.7341500418423474
-1.0,-0.7325505802893348,1.0,14.597297990609187
1.0,0.10358511254308156,-0.15568764814281,4.015570872487437
0.26517690999700405,-0.9100569442782529,0.9463170321015175,-3.761419674119376
-0.33119108446654,0.05635987544917054,0.05325441981958767,-0.7101995503391666
-0.2620668004774469,0.11886589586491203,1.0,0.8663904176257817
0.5222586176192212,0.41262742423205623,0.2862867334868926,1.3317379468128725
-0.08629657544097369,-0.2201091968677722,0.5027306523021595,0.7190146516715443
-0.10696201897917978,-0.4655568715445415,1.0,-0.7017309931989613
0.23383737910129687,0.21043060473101427,0.7945856163525216,1.0099367572982603
-0.04291947722346556,1.0,-1.0,3.308952230317767
-0.17533047581453154,0.25329891559904727,-1.0,-3.3024177147981355
0.09385963199533465,0.18160208237915776,0.45859012539882715,0.3516556619317204
0.27984130757969927,0.7417732099117134,-1.0,-3.0664441608344375
-0.9524329859048408,-0.47919135702562854,-1.0,6.053802308860764
-0.7582290219141679,0.35236498582962383,-0.363749535793648,-2.1540877752827843
0.4113296956196004,-0.46499555715680163,0.02911025644820997,0.6729954821617541
-1.0,0.4026679367801591,-0.32095681926506314,-1.900956753692976
0.5648252930921598,-0.7946856336456074,0.6425682088462843,0.21793786702169293
-0.2156253822947276,-0.6223544397602612,-0.007469584159634168,1.0813124316850131
-1.0,-0.05429218345371423,1.0,2.709041776821718
0.14019832352074846,-1.0,0.1897089006650079,1.8710694961349021
-0.11891550589740918,0.8053958692309207,-0.008051120813822754,1.797749073469586
0.24736516719874713,1.0,0.017004683438215817,8.013900824572255
1.0,-0.27261210146648307,-0.2994087981488154,3.1797249160404792
-0.3469123433918617,1.0,-0.5080217479739142,6.834546495610661
0.5387049558296577,1.0,-1.0,7.7697349332412555
0.23499593778232497,0.5802054622614699,0.8884745097448266,2.707972055101974
0.8600388878398686,0.7034185870016176,-1.0,5.030646638866335
-1.0,0.1456949879235172,-0.8494744840567692,5.111746074506752
0.21652151657480423,-0.1903049758420705,0.1888370585210577,1.1685963702300266
-0.3878207113398511,0.05261211506107477,-0.2999894393012985,-0.5230583930688957
-1.0,-0.8788881461396847,0.7938282882444077,14.271967954802827
-0.8807749842544803,-0.39247336656962206,-0.8074570421071325,1.942607736998741
0.8387146299336552,1.0,-0.0020002561703447164,9.767501508228408
0.3738318815114965,-1.0,0.5610755850072007,0.5794941787939714
1.0,0.07121120916102819,0.6789754189612172,8.133364839237275
1.0,1.0,-1.0,39.16801801822666
0.6675857702380803,1.0,1.0,10.928865049015974
0.26935875925081154,-1.0,0.5813104624947998,0.10461508961711027
-1.0,-0.40342773620564065,-0.05524191185322369,-3.0251851591908414
-0.8684411611347276,0.26071324393675943,-0.1798652119378703,-3.26184065040495
0.8316532190844297,-0.5851957532228238,-0.20786799754383778,1.2407849999459943
-0.5636369033840578,-0.8123570347766944,-1.0,-6.188522515692087
-0.5089264175214194,-1.0,-0.94913365970602,-8.980526599620617
0.29381723909092705,-0.3674814084398865,0.4962664407215409,1.1920611965935124
0.1279115266448223,0.704575359633997,-1.0,-4.285291390103386
-1.0,-0.5462094297442994,-0.5289528086769946,-0.47008932735972286
0.8873401374509406,-0.7301022717785159,0.03485894773610454,0.3756314071980676
0.6826891696897663,-1.0,-0.4335012320913352,-4.152801256445687
0.04366929804413,-0.2913226642232789,0.7895375996157077,-0.8593239617315196
-0.6059149249298788,1.0,0.18349637836848376,5.110828885688895
0.9246230285373258,-0.7811077050204926,-0.5921890186481935,0.27187048762103094
-0.02326764279203375,1.0,0.3777417056624679,8.013439158000843
0.11736041962663579,-0.7739259475222702,0.22002766040112376,0.9201988375348724
0.06464683154055972,0.891180491689225,-1.0,-1.932618201341291
-0.07564297606133041,0.964131321893992,0.17454698383381761,5.569792922889673
0.9957132822344161,-0.22931384039749103,-0.5591302686974997,4.837712398917525
-1.0,-0.23136742650486486,0.18531989436953133,-3.0347209389674763
0.8604239572966677,0.7636148636258511,0.32122208246871664,5.230929495999625
0.011601355038476369,0.7803233294613543,1.0,7.697390203587723
-0.06295904177572953,1.0,1.0,13.024967425039303
-0.34408801359314656,-0.04892728240765343,-0.9466781379496538,-0.8043914642388463
0.19347815378292066,0.3585011557498481,1.0,2.0914947683688045
0.0836194564719499,-0.1164970731497339,0.20014981034661483,0.5704631370872544
-1.0,-0.9666271130515907,0.501926832074062,12.362167469046566
0.8757106491872726,-0.20073651529875636,0.5907115878259117,3.371879566205816
0.5969737660890206,-0.9163941528083401,-0.38375003690753373,0.2450734048957941
-1.0,0.18080273482635922,-1.0,13.080989074536545
-0.4809267263235826,0.7912020049756305,1.0,9.196595729718618
0.1611031504088407,0.5901928762825186,0.431623419135837,0.11646422798344658
-0.1215791275020992,0.022785261937064316,1.0,0.7376617149050881
-1.0,-1.0,1.0,21.397811991617484
-1.0,1.0,0.0785488532615859,6.803691833213177
0.26766522926196434,0.5908812168966449,0.9848218729357012,3.351041744122558
0.3062677199864754,0.48331767292739913,0.3513401706827961,0.8480008302930023
-1.0,-0.5933058168533147,1.0,10.749166784088045
-1.0,0.32369493893548973,0.5353724292521702,-4.603200919950327
0.8789858515124476,1.0,0.6843317262142687,12.323765963450231
-0.7318742954617787,0.5091547143816897,-0.4347495171196478,-1.2955121046964306
-0.5076455219794309,0.31737864109111036,-0.7894652218335882,-0.9585422876694913
-0.4218692106041133,1.0,0.8105708649509307,9.91855233142286
0.1604053115179822,1.0,0.11986541064349465,7.24513112014523
-0.3866779800424345,-0.3163494105498077,-1.0,-2.9757932165941923
0.6055157975618612,0.1410288875350869,0.32175687569622946,1.5854448495318048
-0.03614042463033629,1.0,0.06475109855380556,7.025277958035559
0.10755646914044625,0.7738727902212206,0.43648959638236584,1.9684357334643259
-0.8792998589344174,0.35667935298424713,0.3817796619246996,-4.2986702707071
-1.0,-0.42380859344019717,-0.19406897703276038,-1.7945930632944762
0.6921088180995958,1.0,0.42227247511658783,7.248141838375997
-1.0,-0.13113890574225362,-0.6615151657291143,-0.2818929604576393
-1.0,0.04164044975640202,0.011265764744551765,-4.8228622165781765
0.510328582101268,-1.0,0.09193839636720358,-0.1799401465278496
0.4324744226624415,0.6368006414625507,-0.738061877063982,1.2648532177131913
-0.09179658216752351,0.15489656364825044,-0.12003334629816353,0.9917856616886853
1.0,-0.5278839988249004,0.7384451322466585,4.91622479646242
-0.3823095215001431,0.4108349374704636,-1.0,-3.3829992699341
0.6456177220294386,0.7795552347508505,-0.12164639130662591,1.8455477639690625
0.2491560861346338,1.0,0.6740812232789863,7.811441540514387
-0.614632040887291,0.2239096105531686,0.2715384728399788,-1.5006929917624383
-1.0,-0.5684179758305707,0.4931124044124031,1.4872588527428006
0.046118892167462455,-0.3600025839004499,-1.0,-4.432164860360393
-0.2631722644271046,0.8986485338337749,0.36937216576886245,3.2535101728407976
-0.3010103287626089,-1.0,0.3532404533247191,2.4606071840102364
-0.20918435584986028,0.6473861313957203,1.0,5.884163517112989
-0.05921548178243774,-0.6243347553522081,0.48614359098808735,0.5711057792859128
0.13686103238803704,0.9416806052529758,-1.0,1.502905586799748
0.16096490192433244,-0.4186322089174459,0.9909073259535748,-1.711373362011837
-1.0,0.12185508546392532,-1.0,12.456173295440873
-0.49736341211284896,1.0,-0.4761891781861731,5.55832906910956
0.4540629097490614,-0.9921467014276695,1.0,-6.510056975758863
-0.7901926275857925,-0.3140863544937387,-0.2697109479429858,-0.6173226399580154
-0.3373467530751455,0.8193195430982938,-0.20256084397862106,1.4931456165459542
-0.14104415333907916,0.1574461712963804,-0.09197443834571728,0.49149642568946417
0.3694991022713776,-0.7780271632176512,0.09767910580380157,1.430175928083091
-0.16737901157767987,-1.0,0.9888886434143584,-5.948338036038065
1.0,0.7604329097027129,-0.19481289376931832,8.437857707667476
-0.5720278102288698,0.09592544390596647,-0.019947614927639634,-0.8717265821413649
-0.6046519254588472,-0.12463655356123393,-0.1337098274994073,-0.9432667905322019
-0.012969506595576386,-0.5910589059389837,0.11469085656120281,0.36544752932310254
1.0,-0.8911230845534992,1.0,-4.277467998994355
0.3024894861377434,0.14791133520898736,0.1895062361227997,0.897962248376613
0.049604689014826064,1.0,-0.9881109482093036,4.455335646132099
-1.0,0.5879695632778899,-0.6606244303518958,3.798711992422724
0.6443084889878539,-0.053589094996549624,0.582948228120735,1.3712743794110867
-1.0,-1.0,-1.0,2.783998308200637
0.1563406835956047,0.6141167508804017,0.052217582900655035,1.4117736411610315
-0.7805735878063658,-1.0,0.3414646362179201,6.703383851807749
-1.0,-1.0,-1.0,3.003928004740785
-0.6630688451184852,0.7153775981589572,-1.0,-1.2905202132475155
0.6901966295965432,-0.31678761501443375,0.7023982961402169,2.1827831807883102
-0.589821517573863,-0.7122174158325167,0.9846471093061815,1.7336364223013978
0.584341241644128,1.0,0.08341113940523259,7.955338182846908
-0.35900459031143983,0.3418252439992686,0.11349847579202965,-0.4549873104747034
-0.26879518261280855,-1.0,-1.0,-14.83805399759112
-0.7453903866088665,-0.3432809556420646,0.3911796200662432,-0.1338971855270119
-0.025087007718253007,0.11304680335839268,-0.4312770471209042,0.4654933328752743
1.0,0.29646734155026544,1.0,17.53913580328036
0.3246346285833226,1.0,0.15340251532609406,7.227960089116369
0.6521295433887588,-0.6076710889866386,0.5284274166984506,0.6772536669009992
0.4254690859088255,1.0,-0.26723268547679124,9.022027650871834
1.0,0.8183013525331353,1.0,27.007186922305472
-0.3893056702104727,0.5092258786322641,-0.982754467515268,-3.6904359138356138
0.4459755105970542,-0.13228534589153362,1.0,-1.368619843415593
0.24202567852459378,-0.5503527625689766,0.707046641598962,0.358560625424758
1.0,0.011747880496141283,0.8435849353123779,9.210757652422256
0.1787943799570486,-0.750065116492511,0.19829151679419987,1.1726751860689373
-1.0,0.027934944308653842,0.18944682182030803,-4.419534867327672
0.16425051525351364,1.0,-0.13195001630639336,8.19320921962452
-0.03477808500546331,-0.10751952434480261,-0.5930513846177263,1.0155640861939823
-0.6128469367367722,0.2626895229415196,0.8041723387914921,-1.2155074556850625
-0.04850842308243308,0.7366305537777955,0.527080916706653,1.9411298392000629
-1.0,-0.6785285895233151,1.0,13.077434330040138
-0.7831448343586791,1.0,-0.9131533862256016,3.0322455166341853
1.0,0.19242307305881834,-0.9790726484568733,10.165669385846284
0.23977552578710615,-0.18333339804536775,0.8871110967947549,-0.5461441690159174
-0.1479269960977445,-0.9407415754064303,1.0,-4.374889305625946
0.9009934579713157,-0.7236504787027715,-0.23316909780946538,1.2348808668964208
-0.2684662470415524,1.0,-1.0,1.5881557149185004
0.07749828772450162,1.0,-0.527803118283874,9.976547327958123
-0.08964508156921513,0.3321424692281396,0.4255310172310742,0.8087790012497622
1.0,0.04639620158912372,0.10653350185108779,4.8090181437698085
0.6681077265987048,1.0,-1.0,10.941828438517541
1.0,-0.12998483325627053,0.7567280965493304,7.7583614092971045
1.0,-0.7217215484528621,0.5308605864045237,1.544213795851144
0.2571150315200137,0.04559746048557889,0.6574820765527616,0.8322169675834517
-0.2926344389866782,0.41325984195512855,-1.0,-3.12489591413114
0.7908827403739054,0.1389251529839759,0.3125706496233669,3.492222753804383
0.3072988146438984,-0.9213908929372012,1.0,-5.322567425876985
-0.6380097214993377,-0.14505202443588328,-0.1611000044101314,-0.40480274733959387
-0.589059477577436,-0.6451325891944284,-0.3495783596962512,1.7884812009242808
-0.38131939185425234,1.0,-1.0,1.3501153098977157
0.0070039108992761,1.0,-0.7224753318503332,8.82996974466968
1.0,0.6137940803508248,0.10250053913413448,7.291784321664617
0.08850468299569614,-0.17661416120303608,-0.36948946651334746,1.315172904762033
0.7576239793059296,-0.024017524934514256,-0.8738696245330275,1.3478630267478922
1.0,-0.6853533903072744,-1.0,-2.8353592879334215
-0.07528641240888789,0.6118982734819018,-1.0,-4.12484408956151
0.18353682778779157,0.39648707012557005,0.03397401036905512,1.1783006608642794
0.7351661008033317,-0.1460378811572498,-1.0,-2.120902918666679
-0.978117957776927,0.15222519258547118,-1.0,11.754707118958514
0.1937313384085637,-1.0,-1.0,-17.952293894322267
0.5055271084133133,-1.0,1.0,-7.188723369782616
0.35234804933386976,0.4186723134219561,0.9868521162321788,2.4644552787713563
0.8515194866859688,1.0,-1.0,20.56372943626334
-1.0,-0.0646296125992889,0.8427790883463355,-0.739841702777005
0.4565605152171892,-0.40939831939944593,-0.5794046199245573,0.8091919175171001
-0.32576869520112406,-0.4124365495451452,0.35434667834091127,0.7331456209310535
-0.09683690357891295,0.4689703427256633,1.0,2.7213199562534562
-0.23481913418750544,0.3738999381708539,-0.14799164259369957,-0.5765003753022955
-0.19959895588710008,-0.19403484269194893,-0.655166854440973,1.3189724374073377
0.3701288105776892,-0.23622252467711147,-1.0,-4.057629505075507
0.8749121673330258,0.6884683873967725,-0.06792557067808036,3.9692556540504995
1.0,-0.5300400389564213,-0.2174747983606946,3.370685960538265
0.44678490825478434,0.2166406091826556,0.30161603921313684,1.0585172799204827
0.8640512090352814,0.7346205881340326,-0.14489813642073468,4.278862577451658
-1.0,-0.8806085927061558,1.0,19.20562833298575
-1.0,0.7814041285874698,-0.5082153320460265,4.504270875024107
1.0,-0.9708248844537963,-0.32377956072806624,-5.896476853078001
0.6524250603877817,0.2068293826613039,0.8703823930795973,2.71414286918335
-0.6227448261574478,0.4621959661611601,0.513446929010642,-1.462791618892053
-0.3892170484752422,0.8893791237808997,0.86556090774544,7.252747883447597
-0.07266203487954948,-0.006786554871043959,0.9629941776442521,0.18092074352478332
0.049956089252227276,-1.0,-0.2425476879655588,1.42263229224691
0.41023501981080557,1.0,-0.15359235950873673,8.541059127451245
-0.6569775711263379,0.08266363706365132,0.36056479972906663,-0.7522697654122311
0.5868310196662516,1.0,-0.3944530486978457,10.31572941500871
-1.0,0.02001400525006436,-0.09320745981773548,-3.69974538668882
0.0844262064185275,-0.47763558219199975,-0.4837003294785167,1.5003341158602874
0.5014072672119323,-0.6909838783706341,-0.4734725995021456,1.0922441651305035
0.3423126751199008,0.3260795538551198,0.3763039348491912,0.46882435325798927
-0.3188618040605853,-1.0,0.3617664722687084,3.1195383341399245
0.9755132409120668,-0.17758079514839542,1.0,7.936689826309031
-0.7455753819621034,0.4529171777680776,-0.09705615494222664,-2.3868143200467253
-1.0,1.0,0.25363671674983723,3.7611851136678873
0.19344584451565794,0.9272406382902831,0.5478161414436007,5.02497270755053
-0.991795144349995,0.8757100963485316,0.335950051945507,-1.0313350651583626
-0.04593068147152546,-1.0,0.03265440007905185,3.095789110081156
-1.0,-1.0,0.22078211162741135,9.409643833210332
1.0,0.3560067552223949,1.0,19.90940696007327
0.06645537514664612,-1.0,-0.3466603813318332,0.7879160637012984
0.2855406174804136,0.3586785075432859,0.8141004364782773,0.7332043200955789
-0.034046943815235986,0.23870703403263605,1.0,0.4751672161016227
1.0,0.40742692505455347,-0.14097990149811768,4.884995483873929
-0.6183930154318502,-1.0,0.878909381562512,2.406514425642272
0.9334274332438073,-1.0,-1.0,-28.317961597385768
-0.12331571707320843,-0.6551759020717245,0.7429566900264384,-0.18529250172693312
-0.32900914335240783,-0.4217244202271724,0.6704760166290915,1.0107531746644416
-0.5327557600548365,0.12104295342123894,0.0923349921630463,-1.1477791089776046
-1.0,0.656669357160069,0.22336681387462298,-2.553115574261036
1.0,-0.7217047543983108,1.0,1.310650684606252
0.5075308521526676,0.10055839083271034,0.3925124271470968,1.0001040219194437
-0.7477366684205633,0.9625220042351206,-0.5679715872902531,3.276788373943658
-0.20532884057368128,-0.39222928451195416,-1.0,-3.6113198265111017
0.9049304939611853,0.08130072683515666,-0.03556510015137215,3.3815730079089774
1.0,1.0,0.021064561816672267,14.44893731720336
1.0,0.28797763737397264,0.6402467386368891,9.808848775223753
-0.986891521545721,-0.35287521315998616,-0.6377181492814299,-1.0824776528055744
-0.13610894892109915,-0.2026291999737413,0.5513230839122754,-0.08577977681702253
-0.9757971824035467,-0.7179762242879031,-0.07849873775056748,2.225072369100449
0.07754575004979936,-1.0,0.3622590955209395,1.1399962654713514
0.14629196025266955,0.4711759232232491,0.14900198760019756,0.6334035931392268
1.0,-0.2609835559240119,-0.2123382287275677,3.639539409601582
-0.49205699992988694,-0.890588096972013,-0.8647273879861435,-4.109280952813106
-0.045730264951360455,-0.9503515464612471,0.8047824921506581,-1.314090835927653
-0.2082225514625209,-0.3394830456655864,1.0,0.3251926582756073
0.20678906346148485,0.4843221942759377,-0.45191554297355463,1.3547632975974127
1.0,-0.7971916509343644,0.3626330324418727,0.6574613333194692
0.4766563418854841,0.07765758840122183,-0.9638636399656708,-2.2749509124724687
0.6928915900283026,-0.627063651285563,0.05733503324100142,1.0829899003098962
0.5024626632006961,-0.49319264021957987,-1.0,-7.161852261701944
-0.8649362214308451,1.0,-0.5847506935291273,5.058526542961204
-0.6932937199271754,-1.0,-1.0,-7.877751119659357
-0.9320920005349118,0.37921201298249785,0.4603192855561147,-4.492443753593072
0.1989194120542881,0.5288823005116918,-0.941911657825125,-2.456652794443746
0.20970639342538577,0.2565748143915003,1.0,1.0625132516964721
0.5558123869569398,-0.009584200816178834,-0.7673965516378907,1.3369655316963744
-1.0,1.0,-1.0,22.067134499139577
1.0,0.5197656714338397,-0.5045982619217046,5.924927693807815
0.9994807678267312,0.8660878681260773,0.32948155059992845,10.98079524447331
0.5086792241174174,-0.4020921736033445,-0.3799139382987222,1.104265424842215
-1.0,1.0,-1.0,21.502872853336008
0.6055802862787307,0.4416061100416191,-0.46316343215616507,1.8900540896232512
-0.04006341960268123,0.37425743307202985,0.2961363053976749,0.20148108448749794
-0.48502755545933884,-0.6087163885038844,-0.37851286498639336,1.4588067115763492
-0.0010658366088451832,0.5240418318415867,-0.38391878686437564,0.1016662072798103
-0.4400078770520355,0.6592509417996595,-0.32671459247198387,-0.9431849057372896
-0.11845845728704063,-0.06725550377074763,-0.4439162500656286,0.8732700650238443
-0.8173151558247944,0.48308655728132455,1.0,3.2306205561908126
-0.36764798196435033,-1.0,-1.0,-13.971867762188213
-1.0,-1.0,-0.8448381658809818,2.1993470935333934
-0.21022777366102208,0.3248144219953064,-1.0,-3.7305902007277107
-1.0,-0.2848756961603358,0.6944883073137205,-0.7878680507244888
-0.9321537667815873,-0.484758281811424,-0.2603124432502424,0.2398092102397157
0.38505872639423067,-0.6243857946120741,-0.3477534661454187,1.1352863849071415
-0.7814262815545527,-0.22703818523963704,0.05701614713855352,-0.00984501603498844
0.25709508486260524,-0.8633594684844887,-1.0,-12.294292293863144
1.0,-1.0,-1.0,-29.43284389490737
-0.35560452554210187,0.3240398921369081,0.36841338673536317,0.3526387737719633
-0.5081290626977557,0.09934115998742588,-0.785972725143635,-0.5214502019224151
1.0,1.0,0.35981362423997476,13.465481717325238
1.0,-0.2085858584491207,-0.8039488548498608,7.079645607694135
-0.04308881191644831,-0.28381912777354756,-0.7004988971205628,0.5686563320822883
1.0,0.5386033264293184,-0.30850173415823456,6.42100304736687
-0.9261091494400797,0.9079601263671235,0.31100205278625825,0.012639806581737162
-0.3013115138687781,0.6707177172042662,0.8406451195556821,3.035283465897325
0.17818816955940187,-1.0,0.036473275709278274,2.4338014969582957
0.6901094404334234,-0.3170598975346217,-0.2357086866016851,0.3020003178337154
0.7820160639504998,1.0,0.4521322262864722,7.7805730909325606
1.0,-0.2590146476797577,-0.46568134226587765,4.530355780902421
-0.32832339714128267,-1.0,1.0,-5.823658867670722
0.7451596535038216,-0.2546970073052637,0.31088691280524494,1.0855357086229627
0.43017210099624714,-0.2893255307172893,-0.858693615997074,-0.3093333493832139
-0.013933448599373843,0.786236006554814,-0.4078575674339464,1.8818892801547829
-0.9493746497615836,-0.11109929734951063,0.34092252998972117,-2.546885031772168
1.0,-1.0,-1.0,-29.509376602656133
0.044439170436477715,1.0,-0.950534478590926,6.145102011490836
0.07057343354468615,-1.0,-1.0,-18.47121264930959
1.0,-1.0,-0.8572997692050679,-19.654747202885368
-1.0,-0.35608126196817214,-1.0,7.20897001321038
-0.9668818937505652,-0.2453136176160977,-0.4249604713807682,-1.9515560360331123
-0.7356822297164736,0.7453004055060408,-0.2832434295877788,-1.7181638969965265
-0.1928880282145653,-1.0,-0.2340554673809121,1.99356354058344
0.7444416585746276,-1.0,-0.5241777988274372,-6.272753945598949
0.47543100955635853,0.48789959679694683,-1.0,-2.3718078336414656
-1.0,0.9204334099557281,1.0,14.991735510745212
-0.9015615633343819,-0.13815695120289462,0.46397343017091686,-1.5287661115034004
1.0,0.5672097717865718,-0.8585627052889835,9.765621420216217
-0.6836634805067037,-0.0440904798855879,0.663882628992635,-0.9734396978753538
1.0,0.14119581257077818,0.2001801969992656,6.483531912633314
0.17538870473062862,-0.6872048278153633,0.024650975763311544,1.0371746598268035
-0.1744702899528634,-0.4883552344376636,0.3515963908025741,0.428864385364344
1.0,-0.40107716730857557,-0.2595683150471284,2.700157098155513
-1.0,0.07376475664430715,0.743446413498269,-2.2570844222033437
0.24361716156175195,1.0,-0.025364691790284333,7.748867629872689
-0.6705091481593151,-0.005179478825409145,-0.9705066629153025,2.178527472346188
-0.1813146910572725,0.6142251692780194,0.5433591290362654,0.134991265080679
-0.6105490931866102,-0.30293532798899014,-0.041467573043721506,0.5945769912006333
-0.7980022372134421,-0.08508753270557312,0.7129441250028763,0.4502470994891131
0.8715630545622073,-1.0,0.46025139948477056,-3.8185568248380117
-0.5391084517467939,0.16702655545609857,-0.08106532133237243,-0.6754037219962088
-0.14430686789068425,1.0,0.9466359891168332,12.72798765350549
0.5384369205030324,-0.3815153061095955,0.4588967373737096,1.4570128692725162
-1.0,0.2010734796782614,-0.47770325649594336,-1.7906282442297978
-1.0,0.41004970694158716,-0.2459786431285007,-2.538079234165027
-1.0,0.553913856416532,-1.0,18.027348919953873
-1.0,1.0,-1.0,21.646455449809313
0.8438845897079355,0.7007492894731933,-0.5961709927750918,3.6745799250097337
-1.0,-1.0,-0.8866851955239321,2.2394764339140725
-0.1733075345339199,0.24973194866461235,-0.513164401856516,-0.20670815261343145
-0.2468293946806912,-0.42358168259564977,0.39437778289113834,0.3101621735899947
0.22971264546185077,-0.5713111088112792,-0.47616868640774035,1.182725615505469
-0.4995868038933797,0.8924650936860667,-0.9494791748688154,-1.9496359903907603
0.7337779788267105,-1.0,0.8549649886149129,-3.6368296435731446
-1.0,1.0,0.9879750455498981,16.273150577872663
-0.37203826729515255,0.48594450984021664,0.42854980709205726,-0.5929025523395386
0.8664180764257257,-1.0,-0.03168377848077819,-5.360449873849426
1.0,0.8697893921254858,-0.15640320850309997,10.020400816607575
1.0,-1.0,0.8367576187206389,-5.633161429371666
0.17484081408852448,0.8783478149495358,-0.30867234179429714,3.753449286349312
0.7162560407619567,-0.9747092461352362,0.5134305868404763,-1.4420013733490917
0.9733827193351141,1.0,0.331057512955653,12.001040873583019
-0.5026678359216699,0.35223441142369327,-1.0,-1.7513332407764395
0.632854454664453,0.47746920658264136,0.3563652567223081,1.4291624842693473
-1.0,-0.8751801175715779,0.546239291541821,10.143493782540668
-0.6729321547437699,0.7867452464184541,-1.0,-1.4259518987336368
0.43475657198055484,-1.0,-0.7998930757051816,-10.14865260140033
0.7408899325251073,0.062337906986861036,-1.0,0.21069032530365672
-0.029336563771971136,0.7404288049389565,-0.5182336367767817,1.1131574124412091
-0.1153874003285007,0.5781567769762384,-0.7572275214272055,-0.23943377375505598
0.9634436743286123,0.48329675989257503,1.0,18.675705033386446
-0.32270373034807975,-0.6857569820369016,0.7298578146902275,0.5840945348472384
-0.9596053691881181,-1.0,-0.9170861591307442,1.4270331550187394
0.9167162993477631,-0.4251679126233119,0.6608358997312491,4.172449282487435
-0.1142028486917337,0.07457116288269927,-0.8647527237894592,-0.8117802970617667
0.46769698317972175,-1.0,-0.014536236967775729,0.2691429292709552
-0.012518650032966372,0.24061292836480996,1.0,1.9671268379692874
1.0,0.49611068169634365,1.0,22.386584565938662
-1.0,0.8416167419038694,0.45976824439388975,-1.65008369568363
-0.5570919242818873,-0.4020015952966496,1.0,1.6910237103124877
0.20097014572623917,0.23623408143530966,-0.3472550355187347,0.8823548265766393
0.8226989385379104,-1.0,0.04573366736072604,-4.587527204897213
-0.9929849799106016,0.5896280291314786,-0.8212404463486371,8.322076173859614
-0.911715296849154,-1.0,-0.6867264559880817,3.382109268932266
1.0,-0.0677192977726282,0.10836993070430112,4.55388181230088
0.02628208453139136,0.7841579558988485,-0.9318046936740945,-1.5640131571425564
-0.5329461006758356,1.0,-0.29870112006830696,5.60195265988164
0.3633290124587427,0.4541307063340734,-0.18885794144189316,1.2146165799879902
0.22464596036005702,1.0,-0.7146782890083081,10.790803634791683
-0.10232560403385604,1.0,-0.3213854556979887,9.652962647911497
1.0,-0.5596797248847336,1.0,4.345451549095226
-0.5441958326127916,-0.045605914264136294,0.35680059078039994,-0.6006044517697977
-0.5283383087532554,0.9421800115162122,-0.6172173373755492,2.856769789604091
1.0,-1.0,-0.20421538599482592,-8.25705010095222
0.17703900483675894,0.5186821124104071,-0.5129621799515358,1.0881629493487104
-0.07033068419261479,-1.0,-0.4551390967219757,0.7865232469943066
0.7300588495626321,-0.37723615251940057,-0.7923826552520825,0.8538890569987023
0.6283475460647456,1.0,0.7659019203556281,9.731206053626714
-0.4730711776028258,1.0,-0.8778611727094334,2.0746576365344866
0.37879811935213836,0.1831298260960299,0.3012421894195505,1.0160658445960062
0.2828051522393318,1.0,-0.6389314782399345,11.477953840488547
0.2809118645037678,1.0,1.0,10.180685949667652
-1.0,-0.1338768157903758,0.4486111712856895,-3.7913784337637617
-0.07837863622925689,0.8517480966145092,-1.0,-2.410214305170213
0.3055773639709223,0.3383559416341826,0.3691306229963205,0.044160571226999235
-0.455632310060079,-1.0,-0.542103220335689,0.6821832999161764
-0.09761296415265819,-0.7176514883530034,0.44658858759232967,0.3375568451544324
-0.10750290511247829,-0.3393341751430412,0.14876351177561942,0.8548812621213245
0.09636894843314403,0.7853898448439574,-0.04388131518803973,1.8250713202390907
-1.0,-0.3054526126245132,-0.14401806844948473,-2.6431229754101295
-1.0,-1.0,-1.0,2.6816361409102294
0.5444419621456644,-0.8605982094128521,0.3856002676276271,0.8202316703419326
0.7659690551656315,1.0,-1.0,14.656809875454181
0.3371273315066372,-1.0,-0.5700980691568558,-2.130019979124647
0.8898904504255154,0.008774003848322165,0.03992127150139235,2.901424451118436
-0.19902141508928706,0.19983050953568382,-1.0,-3.5899465086919076
-0.705287553424536,0.47952129408880473,1.0,4.248955871597915
-0.17169270206451337,0.398763108414095,-0.675611298428255,0.5581834376211758
-0.8060937395404504,-0.945639654204353,-0.49630125815110304,4.781151462424654
0.19309322258226946,-0.7479482328325866,-0.5421227063559453,1.0518691376952456
0.6709346810928567,-1.0,-0.941541818120821,-20.09826393863589
0.1660961708973545,0.9390024616323436,-1.0,1.0839946201803614
0.5017683350348214,-0.8847467885941214,0.02262403916021638,1.6169775153639547
0.9022685817237102,-0.14632605069580418,-1.0,2.2883377949486743
-0.8623027554319838,0.6992416143577231,0.44071649335017105,-2.5467714848176723
-0.3745648856212711,-0.7703994621550403,1.0,-0.7082001580468096
-0.04475386995000208,1.0,0.6258636230559262,9.108845063675542
1.0,-0.09266686415622916,-0.47457346496380737,5.335361799274659
-0.4214656600050595,-0.5104611886425456,-0.8273813045109946,-0.1664226073676116
-0.3464709197292961,-0.06287601548010424,-0.4364519942589664,-0.38786742993973705
-0.3350923866079696,1.0,1.0,15.066880184753249
0.6421026553998881,-0.9121584775140468,-0.19055441607748724,0.34494826836861847
-1.0,0.8467061953233481,-1.0,19.996293562122077
0.6695597456380173,-0.32496869892226976,1.0,-2.071478431113759
-0.3684911617692068,-0.48111902441071086,-0.7259910133100045,-0.044989623899875236
0.10012562389619029,-1.0,1.0,-7.903314931233194
1.0,-0.35622042312662394,-1.0,4.204316317777028
-1.0,0.8182767438916467,0.5540276806360607,-2.7160105703737933
-0.9475733927017707,0.7935846303330434,1.0,10.67002325728208
0.10462367472095391,0.6137665575536779,0.06336939380382067,0.32520570277681654
-0.7364565057401207,0.9107176250067788,-0.06732702144969549,1.3884832333990231
-1.0,1.0,1.0,17.450849252460447
0.3622320293543899,-0.2764618121378666,0.7496485068829484,0.7678626924473324
0.5164747646598695,-0.8286008796496311,-0.9068205473026147,-7.448791881258944
-0.9720500688343185,-0.5214951092537969,-1.0,6.247381817550369
-0.9367809836773491,-0.633618167587235,0.7167872187222697,4.645555260152409
1.0,-0.4816917433943009,-0.058254294295282616,3.7527127632973345
1.0,-0.06771920140516707,1.0,10.837548163699283
-0.3740777683946015,-0.38981206189661544,-0.4761838900071913,0.4424104586661683
1.0,0.7500676583790604,-1.0,18.659960759702482
0.5730428127166831,-0.7520376045742869,-0.03275574726012764,0.7173501777968736
0.4611090264597051,-0.6200455705803385,-1.0,-7.876833803243311
-0.1606665757022776,-0.46625152497787736,0.3271327508527211,-0.2063189184333608
0.8821270777621524,-0.04988693142792355,-0.16834768265278832,3.027412316385687
-0.8734301250909708,0.4199371088518875,1.0,3.858561957849635
1.0,0.8467861782075146,-0.2675449613284324,9.349550354998755
1.0,-0.19698402795887482,0.1326445000997729,4.952269119491016
-0.9852125336994448,-0.22129037630660098,0.4233008882030087,-1.9408009850154055
1.0,1.0,-0.17648250567390367,15.36766946143732
-1.0,-0.12593998739968248,0.058277116401475926,-4.744895883151031
-1.0,0.3850093405803181,0.7715883679548345,-2.996131249134641
1.0,0.08005726403139368,1.0,12.579475027807774
0.3623212347778155,0.3222867529863911,-1.0,-2.8848919781198408
-0.5481812913560133,0.5621390881633999,-0.5350422486024051,-1.4017090492430928
-1.0,0.04124871669314678,0.311557601884737,-4.444512766032983
1.0,1.0,1.0,26.557999976389365
-0.40455671027153306,0.438902879979971,-0.3921396730816922,-0.3199135840485594
-1.0,0.5169848354427435,0.24381244388314793,-4.285457934697167
-0.5231560784449756,0.6871907463262394,1.0,6.989969699240478
0.38294329109962333,-0.2779951446984319,0.5231254804773728,0.7036311902988693
0.8710576758513333,0.97780955472457,0.4906650306555689,8.955677712945146
1.0,-1.0,-0.30922419685309,-9.901214395011824
-0.047101657829583976,0.33014307454783354,0.0860949998191598,0.41064383603289367
-1.0,-1.0,-0.03615934801216181,7.095699417473848
-0.38150770120482114,-0.45128953199701227,-0.08209846346693106,0.41643488846334387
1.0,-0.7018065353951866,-1.0,-3.6407184058199693
0.11085040486317488,-1.0,-0.9078000457664577,-12.432670986359868
-0.013890835354591458,0.4010676713389689,-0.0006132652290209428,0.8536306563925466
-0.7124444245093502,-0.8741875214052335,0.6136971691419588,3.5446099567364406
-0.8128861782197756,1.0,-1.0,5.2791993163563005
-1.0,0.03283418541094196,-0.5575355487523679,-2.01219445988345
-0.3200968357942737,-0.8254178002501573,1.0,-1.5872189483904422
0.40663525318363636,0.7039501215260993,-0.0652363410347998,1.3408058201973017
-0.7031385267063563,0.9445994433986225,1.0,14.562140332531747
0.14996195606826768,0.17957113372769884,-1.0,-3.3661050604637754
-0.16689858544995273,-0.932079423810992,0.7728482805318149,-0.5822899194583594
-0.22899407169681085,1.0,0.31075860861024496,6.39972933844474
-0.785859271855839,0.4315978747140954,0.6177128777455052,-2.9133011078917983
-0.924250236528237,-0.9461054180229076,-0.5333958164475667,4.930454962740041
-0.8305043830941141,-0.6397378109827159,-0.9622300887688973,1.8835763921749447
-0.6338890969400865,0.8671369573309196,-0.04321060995346371,0.4832196406202819
1.0,0.19207174686989203,-0.9067802475470996,8.51777606878163
1.0,-0.579345452055344,-0.035560604787346906,3.61455550505749
0.6644787667707803,-0.43891314269702386,0.22165300586699144,1.9810424097175856
0.15964030270538987,0.7957016171441234,-1.0,-2.671576638059566
-0.093801597679122,0.9802994507954197,-1.0,2.2380111078558724
0.17679929093739633,0.9032280175307374,-0.6722367463861152,5.22107827957582
-0.26941375679992574,1.0,-0.4520728242398262,7.879734953162187
0.44891691787726495,-0.825848634536867,1.0,-5.256882748713483
-0.8275325888196863,0.954328701588937,-1.0,4.715788855443874
0.10181546208559311,0.4405221538469144,1.0,2.782302853565537
-0.9840648088335562,-0.25903233794827085,-0.40651305016508377,-2.123151465492409
-0.18340951387027937,1.0,-1.0,2.5734977631383806
-0.2650661754443804,-0.4521873445924087,1.0,0.05748775436530629
1.0,-0.8047829178354482,-0.1431572214171608,0.5806933373281881
-0.2258121292986841,0.058518031033473195,-0.4319731006500762,0.1315194862867324
0.04320300390042564,0.5149469087270466,0.9104635355431863,2.2045714837412187
0.41782007878080485,-1.0,0.034966759092300626,0.4942428618640544
0.1373637474480831,0.29807424734991117,1.0,2.243913461211431
-0.27923956263017047,-0.2344737638251997,0.974811329148729,-0.2724750021369967
1.0,0.6325046760028701,0.6259340347852986,12.091168402473246
0.027187772940791888,-1.0,-1.0,-17.347044007134503
1.0,1.0,-0.08716839168835566,14.77403575840904
1.0,-0.5931459191325708,0.15685951546540666,3.0211385734356058
-1.0,-0.6603463681558936,-0.0818481982829189,0.7894629951505301
0.5429358584410158,1.0,-0.6862270134894721,12.045354512767297
-0.4293517553253532,-0.42412452333753703,0.3706680377810194,-0.017343250805255395
-0.550640804001117,-0.9295874643836521,-0.20868348337383047,3.0500602632565985
-0.23894510022439697,-1.0,-0.21172719982994548,2.3226864675956063
-0.19366172786662839,0.45507973326898354,-1.0,-4.047727032743332
0.4442257363906137,-0.0002990691770969889,1.0,-1.0583851696606574
-0.4373097844336311,1.0,0.15690065957092347,5.509857397799553
-1.0,0.7255591797850935,-0.7322527214290127,7.645049240420024
-0.9182377267383603,-0.24402857508706766,1.0,3.8372370491189773
-0.7766036151705631,-0.5749683836859214,0.9422613871445347,4.399069859660406
0.7517963002069739,0.5864869523806815,-0.18693592128945236,1.85906680660341
-0.054019955488064264,-0.2478064778934066,0.2663833218934395,0.9940502685151201
0.5063606153559239,0.15723049767784758,-0.1274790258904639,1.987878546514255
1.0,0.11036284176877165,-0.2668596856149481,4.2501680774726065
-0.6289337951440694,0.6750409393131671,0.6111473276292878,-0.053488672324057074
-0.5097734201819419,-0.27618978675153305,-0.37832852964688235,1.131235806613166
0.30691724102828877,-0.8880338998601032,0.9288334659825199,-3.3155417191807617
1.0,-1.0,-1.0,-29.84791354607407
-0.9353268160435082,0.2956493455045863,-0.3971308335505208,-1.7241366398753388
-0.015257443865189568,1.0,0.5390424554585156,8.010090025441551
0.731416765580617,0.40306617685203516,-1.0,-0.40245826138373425
-1.0,-0.956005594723258,1.0,21.659509710245793
0.7295896417093881,0.26431898783306207,0.2508987613133582,2.3035619936995837
-0.03849884916991453,-0.7134112630704643,-0.7221326627313129,-0.9780133884492237
-0.3165431253451343,1.0,0.5878858216179947,7.700749473338636
0.007557077566138215,-0.20105351909456992,-0.04300125710519764,0.13389624538918943
-0.8825664415004917,-0.7227288103145193,0.07735394187933786,2.7323707445776195
0.46032826764816015,-0.14480954002278934,0.3427461937684846,1.126802403342635
0.5523762333461466,-0.23402707820591795,0.38757571884087194,2.073423358080178
-1.0,0.2575614519725544,0.5599325658307759,-4.622930559279497
0.6035783883375894,-1.0,0.5293055020517696,-0.9193336349875907
0.2752922717547981,1.0,-0.16768971763628548,8.511873552492876
0.40954181274848334,-0.9682549442374133,1.0,-6.535807848834412
0.20776966964052224,-1.0,-0.38839406575278246,0.1813181443695963
1.0,-0.1341331075037453,0.815112320996698,8.24608952893521
0.4122296509176031,-1.0,0.9629554715228945,-5.908961675915762
-1.0,-0.6861946884778971,1.0,12.841163527833908
1.0,1.0,-0.7743242449851364,29.213161443137622
1.0,-0.5016517841252055,-0.6669843307990388,4.954856343920373
1.0,-0.5492858609941755,1.0,4.974767210089591
1.0,-1.0,1.0,-9.597590510678067
-0.29468583536817383,-0.4147103115056847,-0.45022722430214257,1.236084232687722
0.5487082252630182,1.0,-1.0,7.483415618634617
0.7364672789060756,-0.404245390581208,1.0,-1.7890623349907333
-0.2042002959597311,1.0,-1.0,2.3067022934767163
-1.0,0.5027539293660681,-0.9486362873975018,13.812991987483503
-0.19900414585693005,-0.9757199866438733,1.0,-5.837508097813878
0.4535769985141056,1.0,-0.20164601499503654,9.190267786816372
-0.5575564314297947,0.0994451244440433,-0.1446471439470145,-0.9883630347490842
0.21332597790638408,0.28277877205585766,-0.5904775402883917,0.41642160182063714
-0.8220813104355478,0.4315065466885708,1.0,3.7630496834346263
0.057401955440372854,0.5645271123472799,-0.1674148102167452,0.6100061977515592
-1.0,0.5637457382944002,0.03196572809571063,-2.5096083530496487
-0.5675444114800015,-0.7984789300838417,-0.4814293053874199,3.3251261005170902
0.1436070655578472,0.12084851612560144,-1.0,-2.613105699879528
-0.3986364370135034,0.4719262901802037,1.0,3.4359899224362858
0.7736319769637299,-1.0,0.2799976040463319,-3.153555404974885
-0.31884123360177674,-0.12690141583675696,1.0,0.6591904671856701
-1.0,1.0,-0.499894459039089,12.25787286770309
0.11677866297224115,-1.0,0.2787087496245295,1.6374870487210895
-1.0,0.04268870389264867,0.07445860866008513,-4.832582735466013
1.0,0.7060840820619168,-0.40178908980284356,6.636784283602826
-0.6992044955076318,0.00012202096211488822,-0.0013556987893788008,-1.902659223597586
-1.0,1.0,0.9312199638121139,9.705677591693036
0.80534353303762,-0.5237433412019363,-0.49058673893433435,1.8286751103670793
-1.0,0.2673815121856924,0.1529425817973178,-4.9021199085369975
0.34271573805160926,0.3824330282936854,0.22629496450215703,0.7578810259668942
-0.14161132940384769,1.0,-1.0,4.433476775022201
0.13957995185247607,1.0,-0.5843600914533866,9.442126476878164
-1.0,-1.0,0.6263806769817744,14.39916368284722
1.0,-1.0,-0.5486108134024461,-11.157050352970206
-0.39580116121716524,0.8348562931298487,0.25851636926277677,1.8384239362610146
0.1364727244840751,-0.05342788775012486,-0.5210175825515311,1.2088028383549407
0.2360547745524726,-0.4065423718824115,0.6543301554947218,0.2907134864188355
0.8153182023239773,-0.8624158642942357,0.6380850185002767,-0.9847208896212898
0.9886133947229567,-1.0,1.0,-10.13434611324357
-0.5336768705714652,-0.2287370941164606,-0.5914127505364357,0.4515592107219133
0.1019874452823637,0.44338649236153027,0.013381912111962713,0.05150224211562493
-0.23672572869478814,1.0,0.8881218389898333,12.29817677611383
1.0,-0.8028110154790329,0.4745823737516457,0.9548100331231695
1.0,-1.0,0.6828136197089172,-6.346144918923633
-0.17866323225323955,-0.6131222678031474,-0.5334509324405563,1.1007368984694783
-0.6455610795654878,-0.8981080906922836,0.6613348488063333,3.6343282515742934
-0.07872525874584668,-0.14657961748658055,0.23165579701325312,0.31351224358623897
0.543496511278277,-0.052223075758938586,-0.3177061325680872,1.3978677954510759
-0.8156617228054446,0.8689191876981421,0.24819401301244026,-1.0539693666422851
0.20625922723387857,1.0,-0.6829940021561953,11.006216644366368
0.029109304528029734,-0.6213928945107348,0.5730881438638373,0.5032878775719347
-1.0,0.27677547920412904,-0.036429349442362646,-4.422548765109894
-1.0,1.0,0.5287274009999308,1.1554275669155125
-0.8266383814714258,1.0,1.0,16.17037329517409
1.0,0.5850131411048185,0.1102850571074463,7.388565310255597
-0.7818475829535809,1.0,-1.0,3.2254702944688165
-0.9802649079634456,-0.4746157959523234,1.0,8.16579168631509
1.0,0.339562841671164,0.6711780869817354,10.468452308223293
-1.0,-0.024092030674163434,-1.0,10.633179401492116
0.28516006080688494,-1.0,1.0,-8.047202808353108
-0.5492270914454014,0.05957085174047383,1.0,2.2775334418383273
-0.1281848230590168,-0.8250517179002645,-0.3460448959187832,1.2873502656947533
-1.0,0.11007223733977267,0.01732071341746777,-4.492589548697136
0.6449654911232172,-1.0,-0.709172199896376,-8.18913684136401
