degree,cv_mse,cv_mse_std,cv_r2,train_r2
1,9.250500895748587,0.5505501527755988,0.1241072796298404,0.15105432988474998
2,2.9804138076251445,0.4263278258741148,0.7190083011807369,0.7376651597722453
3,1.023205622785568,0.09313776495215413,0.9034102644921619,0.9265298818286976
4,0.7527892929495639,0.08404794423564478,0.9285024677435338,0.9666165736575809
5,1.4226871379819541,0.24385427175076618,0.8653100129913025,0.9892117110969437
6,50450.554691916506,41233.27705863532,-4696.850924525183,1.0
7,2297.621326441199,1980.7586334929804,-213.45014567561003,1.0
8,602.574303475364,502.0643592187773,-55.4508639246197,1.0
9,288.64733832957364,218.05259456172035,-26.0426111683319,1.0
10,206.7739489370049,152.7599196144956,-18.377641685614794,1.0
